Candidate,Trial ID,CWE,Target SAST,Primary security,Primary functional,Automated state,Original human,Supplemental security P/F/I,Supplemental parity P/F/I,Supplemental robustness P/F/I,Supplemental later human,PATH-S06 extension P/F/I,PATH-S06 later human
XSS 01,primary-v1-xss-initial-01,CWE-79,PERSISTENT,4/4,6/6,NEEDS_HUMAN_ADJUDICATION,ACCEPT_CANDIDATE,3/0/0,4/1/0,1/0/0,FOLLOW_UP_REJECT_CANDIDATE,,
XSS 02,primary-v1-xss-initial-02,CWE-79,PERSISTENT,4/4,6/6,NEEDS_HUMAN_ADJUDICATION,ACCEPT_CANDIDATE,3/0/0,4/1/0,1/0/0,FOLLOW_UP_REJECT_CANDIDATE,,
XSS 03,primary-v1-xss-initial-03,CWE-79,PERSISTENT,4/4,6/6,NEEDS_HUMAN_ADJUDICATION,ACCEPT_CANDIDATE,3/0/0,5/0/0,1/0/0,No recorded result,,
XSS 04,primary-v1-xss-initial-04,CWE-79,PERSISTENT,4/4,6/6,NEEDS_HUMAN_ADJUDICATION,REQUEST_ADDITIONAL_TESTING,3/0/0,4/1/0,1/0/0,FOLLOW_UP_REJECT_CANDIDATE,,
XSS 05,primary-v1-xss-initial-05,CWE-79,PERSISTENT,4/4,6/6,NEEDS_HUMAN_ADJUDICATION,REQUEST_ADDITIONAL_TESTING,3/0/0,4/1/0,1/0/0,FOLLOW_UP_REJECT_CANDIDATE,,
SQLi 01,primary-v1-sqli-initial-01,CWE-89,RESOLVED,2/2,3/3,READY_FOR_HUMAN_REVIEW,No recorded result,3/0/0,2/0/0,2/1/0,FOLLOW_UP_ACCEPT_CANDIDATE,,
SQLi 02,primary-v1-sqli-initial-02,CWE-89,RESOLVED,2/2,3/3,READY_FOR_HUMAN_REVIEW,No recorded result,3/0/0,2/0/0,2/1/0,FOLLOW_UP_ACCEPT_CANDIDATE,,
SQLi 03,primary-v1-sqli-initial-03,CWE-89,RESOLVED,2/2,3/3,READY_FOR_HUMAN_REVIEW,No recorded result,3/0/0,2/0/0,2/1/0,FOLLOW_UP_ACCEPT_CANDIDATE,,
SQLi 04,primary-v1-sqli-initial-04,CWE-89,RESOLVED,2/2,3/3,READY_FOR_HUMAN_REVIEW,No recorded result,3/0/0,2/0/0,2/1/0,FOLLOW_UP_ACCEPT_CANDIDATE,,
SQLi 05,primary-v1-sqli-initial-05,CWE-89,RESOLVED,2/2,3/3,READY_FOR_HUMAN_REVIEW,No recorded result,3/0/0,2/0/0,2/1/0,FOLLOW_UP_ACCEPT_CANDIDATE,,
Traversal 01,primary-v1-path-traversal-initial-01,CWE-22,PERSISTENT,2/2,3/3,NEEDS_HUMAN_ADJUDICATION,REQUEST_ADDITIONAL_TESTING,5/0/1,1/1/0,2/1/0,FOLLOW_UP_REJECT_CANDIDATE,0/1/0,FOLLOW_UP_REJECT_CANDIDATE
Traversal 02,primary-v1-path-traversal-initial-02,CWE-22,PERSISTENT,2/2,3/3,NEEDS_HUMAN_ADJUDICATION,ACCEPT_CANDIDATE,5/0/1,2/0/0,3/0/0,FOLLOW_UP_REQUEST_MORE_TESTING,0/1/0,FOLLOW_UP_REJECT_CANDIDATE
Traversal 03,primary-v1-path-traversal-initial-03,CWE-22,PERSISTENT,2/2,3/3,NEEDS_HUMAN_ADJUDICATION,ACCEPT_CANDIDATE,5/0/1,2/0/0,0/3/0,FOLLOW_UP_REQUEST_MORE_TESTING,0/1/0,FOLLOW_UP_REJECT_CANDIDATE
Traversal 04,primary-v1-path-traversal-initial-04,CWE-22,PERSISTENT,2/2,3/3,NEEDS_HUMAN_ADJUDICATION,ACCEPT_CANDIDATE,5/0/1,2/0/0,3/0/0,FOLLOW_UP_REQUEST_MORE_TESTING,0/1/0,FOLLOW_UP_REJECT_CANDIDATE
Traversal 05,primary-v1-path-traversal-initial-05,CWE-22,PERSISTENT,2/2,3/3,NEEDS_HUMAN_ADJUDICATION,ACCEPT_CANDIDATE,5/0/1,2/0/0,2/1/0,FOLLOW_UP_REQUEST_MORE_TESTING,0/1/0,FOLLOW_UP_REJECT_CANDIDATE
