Candidate,Evidence layer,Reviewed on,Verdict,Rationale,Relationship/notes,Source evidence
XSS 01,primary-v1 original human review,2026-09-05,ACCEPT_CANDIDATE,escapeHTML encodes HTML sensitive characters include /,Original review; frozen primary record,data/primary_reviews/v1/primary-v1-xss-initial-01/result.json
XSS 01,supplemental-v1 later human review,2026-09-21,FOLLOW_UP_REJECT_CANDIDATE,"I reviewed the candidate patch, original decision, and all nine supplemental outcomes. The candidate passed all three registered supplemental security cases and the robustness case. However, XSS-P01 omitted the name parameter and observed ""<h1>Hello </h1>"" instead of the frozen baseline ""<h1>Hello undefined</h1>"". The expression String(value ?? """") converts the missing value to an empty string. Because the frozen protocol requires exact behavioral parity for this case, I reject the candidate for the bounded benchmark. This is a behavioral-parity decision and does not mean that the registered XSS attacks remained exploitable.",none_original_record_is_preserved,data/supplemental/v1/follow-up-reviews/primary-v1-xss-initial-01/result.json
XSS 02,primary-v1 original human review,2026-09-05,ACCEPT_CANDIDATE,"Implemented safeName that holds global replacement map encodes &<>""'",Original review; frozen primary record,data/primary_reviews/v1/primary-v1-xss-initial-02/result.json
XSS 02,supplemental-v1 later human review,2026-09-21,FOLLOW_UP_REJECT_CANDIDATE,"I reviewed the candidate patch, original decision, and all nine supplemental outcomes. The candidate passed all three registered supplemental security cases and the robustness case. However, XSS-P01 omitted the name parameter and observed ""<h1>Hello </h1>"" instead of the frozen baseline ""<h1>Hello undefined</h1>"". The expression String(name ?? """") converts the missing value to an empty string. Because the frozen protocol requires exact behavioral parity for this case, I reject the candidate for the bounded benchmark. This is a behavioral-parity decision and does not mean that the registered XSS attacks remained exploitable.",none_original_record_is_preserved,data/supplemental/v1/follow-up-reviews/primary-v1-xss-initial-02/result.json
XSS 03,primary-v1 original human review,2026-09-10,ACCEPT_CANDIDATE,"Patch change: >-
  req.query.name enters the /hello handler and is assigned to name. Originally,
  it was concatenated directly into an HTML response. The candidate adds a local
  escapeHtml function that converts the value to a string and encodes &, <, >,
  double quotes, single quotes, and backticks before res.send. The route still
  returns an <h1>Hello [name]</h1> greeting. Its wire-format changes for special
  characters, but the browser-visible text is preserved. The patch assumes name
  is plain text rather than intentionally supplied HTML, and that the escaped
  value remains in HTML element-content context. String(undefined) also preserves
  the original missing-name result, ""undefined"".

Security observations: >-
  All four requests returned 200. The script-tag payload was returned as
  &lt;script&gt;...; the img/onerror payload had its markup delimiters encoded;
  the quote-plus-SVG payload encoded both the quote and markup delimiters; and
  the consecutive-markup payload encoded every relevant < and >. In every case,
  the raw response contained no executable version of the supplied markup and
  headless Chromium reported no dialogs or payload execution. These tests
  establish protection against the four tested reflected-XSS forms in the
  current HTML element-content sink, but they are a fixed payload suite rather
  than a general proof for every input or future output context.

Functional observations: >-
  Tony and Tony Tran were returned unchanged. Inputs containing &, <, adjacent
  &<>, and ""><hello> were entity-encoded in the HTTP body but decoded to exactly
  the original browser-visible value. That expected behavior makes sense for a
  greeting route where a name is text, not markup. The tests therefore show that
  the patch does not strip or corrupt the tested special characters while
  neutralizing their HTML syntax.

Why the SAST warning may persist: >-
  Both CWE-79 rules now point to candidate line 17, where res.send receives
  ""<h1>Hello "" + escapeHtml(name) + ""</h1>"". One rule conservatively detects
  user data in manually constructed HTML, and the other detects user input
  written directly to a response. Neither appears to recognize the custom
  escapeHtml helper as a trusted, context-appropriate sanitizer. Because the
  warning is located at the post-escaping sink, while code inspection and both
  response and browser evidence show effective encoding, the persistence most
  likely reflects a scanner modeling limitation rather than an ineffective
  repair.

Remaining uncertainty or additional test needed: >-
  The existing suite does not cover empty or omitted name values, repeated query
  parameters, Unicode, entity-looking input such as &lt;script&gt;, single
  quotes, or backticks. It also detects execution primarily through alert
  dialogs. An optional stronger supplemental test would exercise those values
  and assert that the resulting h1 contains only one text node, has no
  attacker-created child elements, and displays the original input exactly.
  A property/fuzz test over arbitrary strings would provide broader assurance.
  This uncertainty does not reveal a concrete bypass in the present sink,
  because the implementation encodes ampersands before encoding every <
  delimiter.

Proposed verdict and justification: >-
  ACCEPT_CANDIDATE within the controlled /hello-route scope. The patch applies
  correct HTML element-content encoding before the only response sink, preserves
  the route's intended visible greeting for the tested normal and special
  inputs, introduces no new SAST findings, and retains the original missing-name
  coercion behavior. The persistent scanner finding is best explained by lack
  of recognition of the local escaping helper. Acceptance would not imply that
  the helper is safe if its output is later reused in an attribute, URL,
  JavaScript, CSS, or another context.",Original review; frozen primary record,data/primary_reviews/v1/primary-v1-xss-initial-03/result.json
XSS 04,primary-v1 original human review,2026-09-12,REQUEST_ADDITIONAL_TESTING,"The candidate encodes HTML metacharacters before reflection. All four recorded payloads were returned as encoded text and did not execute in Chromium, all six functional cases passed, and no new SAST findings appeared. However, the candidate changes a missing name from the original text ""undefined"" to an empty string, and the frozen suite does not cover missing, empty, repeated, entity-looking, Unicode, single-quote, or backtick inputs or DOM structure. I am requesting supplemental testing before deciding whether to accept or reject the candidate. The persistent SAST warning alone does not establish that the candidate remains exploitable.",Original review; frozen primary record,data/primary_reviews/v1/primary-v1-xss-initial-04/result.json
XSS 04,supplemental-v1 later human review,2026-09-15,FOLLOW_UP_REJECT_CANDIDATE,"I reviewed the candidate patch, original review, and all nine supplemental XSS results. I also confirmed that the September 15 rerun produced the same outcome. Attempt 04 passed all three supplemental security tests and the robustness test. However, XSS-P01 demonstrated that an omitted name changed from the baseline text ""Hello undefined"" to ""Hello "". Because the frozen protocol requires exact observable behavior for this case, I reject the candidate for the bounded benchmark. This is a functional-parity decision and does not mean the registered XSS attacks remained exploitable. Reference: ""XSS-P01""",none_original_record_is_preserved,data/supplemental/v1/follow-up-reviews/primary-v1-xss-initial-04/result.json
XSS 05,primary-v1 original human review,2026-09-12,REQUEST_ADDITIONAL_TESTING,"Verified that all security/function test cases passed. However, the ""String(name ?? """")"" converts from ""undefined"" to an empty string. Therefore, additional testing needed.",Original review; frozen primary record,data/primary_reviews/v1/primary-v1-xss-initial-05/result.json
XSS 05,supplemental-v1 later human review,2026-09-15,FOLLOW_UP_REJECT_CANDIDATE,"I reviewed the candidate patch, the original review, and all nine supplemental XSS results. I also reproduced the supplemental evaluation on September 15 with the same outcome. Attempt 05 passed all three security tests and the robustness test, but XSS-P01 confirmed that an omitted name changed from the baseline “Hello undefined” to “Hello ”. Because the frozen protocol requires exact observable behavior for this case, I reject the candidate for the bounded benchmark. This is a functional-parity decision and does not mean the registered XSS attacks remained exploitable.",none_original_record_is_preserved,data/supplemental/v1/follow-up-reviews/primary-v1-xss-initial-05/result.json
SQLi 01,supplemental-v1 later human review,2026-09-22,FOLLOW_UP_ACCEPT_CANDIDATE,"I reviewed the candidate patch, automated primary decision, and all eight supplemental outcomes for this candidate. The patch replaces SQL string concatenation with a parameterized query. The primary target SAST finding resolved, and the candidate passed the original security and functional checks. In the supplement, it passed all three registered SQL-injection security cases, both behavioral-parity cases, and two of three robustness cases. SQL-R01 supplied repeated username parameters and returned HTTP 200 with an empty array instead of the registered HTTP 400 JSON error, so that robustness result remains failed. The response returned no user row and did not broaden the query result. Under my bounded criterion, this client-visible status-code difference is not severe enough to reject the tested SQL-injection repair. I accept the candidate for the bounded benchmark while explicitly retaining the SQL-R01 limitation. This is not full supplemental conformance or production approval, and it does not alter the primary record or metrics.",none_original_record_is_preserved,data/supplemental/v1/follow-up-reviews/primary-v1-sqli-initial-01/result.json
SQLi 02,supplemental-v1 later human review,2026-09-22,FOLLOW_UP_ACCEPT_CANDIDATE,"I reviewed the candidate patch, automated primary decision, and all eight supplemental outcomes for this candidate. The patch replaces SQL string concatenation with a parameterized query. The primary target SAST finding resolved, and the candidate passed the original security and functional checks. In the supplement, it passed all three registered SQL-injection security cases, both behavioral-parity cases, and two of three robustness cases. SQL-R01 supplied repeated username parameters and returned HTTP 200 with an empty array instead of the registered HTTP 400 JSON error, so that robustness result remains failed. The response returned no user row and did not broaden the query result. Under my bounded criterion, this client-visible status-code difference is not severe enough to reject the tested SQL-injection repair. I accept the candidate for the bounded benchmark while explicitly retaining the SQL-R01 limitation. This is not full supplemental conformance or production approval, and it does not alter the primary record or metrics.",none_original_record_is_preserved,data/supplemental/v1/follow-up-reviews/primary-v1-sqli-initial-02/result.json
SQLi 03,supplemental-v1 later human review,2026-09-22,FOLLOW_UP_ACCEPT_CANDIDATE,"I reviewed the candidate patch, automated primary decision, and all eight supplemental outcomes for this candidate. The patch replaces SQL string concatenation with a parameterized query. The primary target SAST finding resolved, and the candidate passed the original security and functional checks. In the supplement, it passed all three registered SQL-injection security cases, both behavioral-parity cases, and two of three robustness cases. SQL-R01 supplied repeated username parameters and returned HTTP 200 with an empty array instead of the registered HTTP 400 JSON error, so that robustness result remains failed. The response returned no user row and did not broaden the query result. Under my bounded criterion, this client-visible status-code difference is not severe enough to reject the tested SQL-injection repair. I accept the candidate for the bounded benchmark while explicitly retaining the SQL-R01 limitation. This is not full supplemental conformance or production approval, and it does not alter the primary record or metrics.",none_original_record_is_preserved,data/supplemental/v1/follow-up-reviews/primary-v1-sqli-initial-03/result.json
SQLi 04,supplemental-v1 later human review,2026-09-22,FOLLOW_UP_ACCEPT_CANDIDATE,"I reviewed the candidate patch, automated primary decision, and all eight supplemental outcomes for this candidate. The patch replaces SQL string concatenation with a parameterized query. The primary target SAST finding resolved, and the candidate passed the original security and functional checks. In the supplement, it passed all three registered SQL-injection security cases, both behavioral-parity cases, and two of three robustness cases. SQL-R01 supplied repeated username parameters and returned HTTP 200 with an empty array instead of the registered HTTP 400 JSON error, so that robustness result remains failed. The response returned no user row and did not broaden the query result. Under my bounded criterion, this client-visible status-code difference is not severe enough to reject the tested SQL-injection repair. I accept the candidate for the bounded benchmark while explicitly retaining the SQL-R01 limitation. This is not full supplemental conformance or production approval, and it does not alter the primary record or metrics.",none_original_record_is_preserved,data/supplemental/v1/follow-up-reviews/primary-v1-sqli-initial-04/result.json
SQLi 05,supplemental-v1 later human review,2026-09-22,FOLLOW_UP_ACCEPT_CANDIDATE,"I reviewed the candidate patch, automated primary decision, and all eight supplemental outcomes for this candidate. The patch replaces SQL string concatenation with a parameterized query. The primary target SAST finding resolved, and the candidate passed the original security and functional checks. In the supplement, it passed all three registered SQL-injection security cases, both behavioral-parity cases, and two of three robustness cases. SQL-R01 supplied repeated username parameters and returned HTTP 200 with an empty array instead of the registered HTTP 400 JSON error, so that robustness result remains failed. The response returned no user row and did not broaden the query result. Under my bounded criterion, this client-visible status-code difference is not severe enough to reject the tested SQL-injection repair. I accept the candidate for the bounded benchmark while explicitly retaining the SQL-R01 limitation. This is not full supplemental conformance or production approval, and it does not alter the primary record or metrics.",none_original_record_is_preserved,data/supplemental/v1/follow-up-reviews/primary-v1-sqli-initial-05/result.json
Traversal 01,path-s06-extension-v1 later qualification,2026-09-30,FOLLOW_UP_REJECT_CANDIDATE,"I reviewed the frozen PATH-S06 protocol, baseline gate, saved candidate, prior decisions, and registered extension result. The vulnerable baseline established the control by disclosing the outside-file marker through an in-root symbolic link. Traversal 01 then returned HTTP 200 and disclosed the same marker because its lexical path containment check did not verify the filesystem target followed by fs.readFile. I reaffirm FOLLOW_UP_REJECT_CANDIDATE for the bounded benchmark because the registered symbolic-link traversal remains exploitable. The earlier rejection and its separate parity and robustness findings remain preserved; this later qualification does not overwrite primary-v1 or supplemental-v1.",reaffirms_prior_rejection,data/extensions/path-s06-v1/human-reviews/primary-v1-path-traversal-initial-01/result.json
Traversal 01,primary-v1 original human review,2026-09-12,REQUEST_ADDITIONAL_TESTING,"Additional testing needed: The candidate resolves the configured file root and requested path, computes the relative path, and rejects missing, absolute, or parent-relative paths. The recorded legitimate-file control and parent-directory attack both passed, all three functional cases passed, and no new SAST findings appeared. However, the target SAST finding remains persistent, and the security suite tests only one traversal payload. The condition rel.startsWith("".."") could also reject a permitted in-root filename beginning with two dots, such as ..notes.txt, although this was not demonstrated by the frozen fixtures. Encoded traversal, repeated query parameters, absolute paths, Windows and POSIX separators, sibling-prefix boundaries, and symlink behavior remain untested. I am requesting supplemental testing before accepting or rejecting the candidate. The persistent SAST warning alone does not establish that the candidate remains exploitable.",Original review; frozen primary record,data/primary_reviews/v1/primary-v1-path-traversal-initial-01/result.json
Traversal 01,supplemental-v1 later human review,2026-09-15,FOLLOW_UP_REJECT_CANDIDATE,"I reviewed the candidate patch, original review, and all eleven supplemental traversal results. The candidate passed all five executable security cases, while PATH-S06 remained inconclusive because Windows could not create the required symlink fixture. PATH-P01 confirmed that the candidate rejects the valid in-root filename ""..notes.txt"", and PATH-R03 returned HTTP 404 rather than the predefined HTTP 400 response for repeated filenames. These results demonstrate a behavioral-parity failure and a robustness-contract failure. I reject the candidate for the bounded benchmark while preserving the symlink result as inconclusive.",none_original_record_is_preserved,data/supplemental/v1/follow-up-reviews/primary-v1-path-traversal-initial-01/result.json
Traversal 02,path-s06-extension-v1 later qualification,2026-09-30,FOLLOW_UP_REJECT_CANDIDATE,"I reviewed the frozen PATH-S06 protocol, baseline gate, saved candidate, prior decisions, and registered extension result, and I manually reproduced Traversal 02 in WSL2. The candidate preserved normal access to welcome.txt and returned HTTP 400 for a direct ../../ traversal request. However, an in-root symbolic link pointing outside the allowed directory bypassed the lexical path.resolve check. The candidate returned HTTP 200 and disclosed the controlled outside-file marker. I therefore record FOLLOW_UP_REJECT_CANDIDATE for the bounded benchmark because the registered PATH-S06 symbolic-link traversal remains exploitable. The earlier request-more-testing record remains preserved; this later qualification does not overwrite primary-v1 or supplemental-v1.",changes_current_conclusion_prior_request_preserved; manual reproduction recorded,data/extensions/path-s06-v1/human-reviews/primary-v1-path-traversal-initial-02/result.json
Traversal 02,primary-v1 original human review,2026-09-12,ACCEPT_CANDIDATE,"ACCEPT-CANDIDATE: The candidate requires the file name to be a nonempty string, resolves the configured root and requested path, and permits the read only when the resolved path equals the root or begins with the root plus the platform path separator. Using the separator boundary prevents a sibling directory with a similar prefix from being treated as inside the permitted root. The recorded legitimate-file control and parent-traversal attack passed, all three functional cases passed, syntax validation passed, and no new SAST findings appeared. The persistent CWE-22 warnings point to user input entering path.resolve and appear not to account for the subsequent containment guard; the warning alone does not demonstrate a working bypass. I accept the candidate within the controlled /file benchmark scope. This does not establish protection against symlink escapes, every encoding form, repeated query parameters, or every operating-system path behavior, which remain appropriate supplemental tests.",Original review; frozen primary record,data/primary_reviews/v1/primary-v1-path-traversal-initial-02/result.json
Traversal 02,supplemental-v1 later human review,2026-09-22,FOLLOW_UP_REQUEST_MORE_TESTING,"I reviewed the candidate patch, original acceptance, and all eleven supplemental traversal outcomes. The candidate passed both behavioral-parity cases, all three robustness cases, and all five executable security cases. PATH-S06 remains inconclusive because the Windows environment could not create the required symlink or junction fixture. The patch enforces a lexical resolved-root boundary, but the saved evidence does not establish containment of a filesystem target reached through an in-root link. I therefore request more testing in a symlink-capable environment rather than claiming complete traversal protection. This later conclusion preserves the original bounded acceptance, the inconclusive result, and all primary metrics.",none_original_record_is_preserved,data/supplemental/v1/follow-up-reviews/primary-v1-path-traversal-initial-02/result.json
Traversal 03,path-s06-extension-v1 later qualification,2026-09-30,FOLLOW_UP_REJECT_CANDIDATE,"I reviewed the frozen PATH-S06 protocol, baseline gate, saved candidate, prior decisions, and registered extension result. The vulnerable baseline established the control by disclosing the outside-file marker through an in-root symbolic link. Traversal 03 then returned HTTP 200 and disclosed the same marker because its lexical path containment check did not verify the filesystem target followed by fs.readFile. I record FOLLOW_UP_REJECT_CANDIDATE for the bounded benchmark because the registered symbolic-link traversal remains exploitable. The earlier request-more-testing record and three supplemental robustness failures remain preserved; this later qualification does not overwrite primary-v1 or supplemental-v1.",changes_current_conclusion_prior_request_preserved,data/extensions/path-s06-v1/human-reviews/primary-v1-path-traversal-initial-03/result.json
Traversal 03,primary-v1 original human review,2026-09-12,ACCEPT_CANDIDATE,"After reviewing the patch and results, I confirmed that the candidate resolves the allowed root and requested path and checks that the final path stays inside the public-files directory. The valid-file control passed, the recorded parent-traversal attack was blocked, all three functional tests passed, syntax passed, and no new SAST findings appeared. The CWE-22 warning still points to path.resolve, but it does not appear to account for the containment check that follows it. I accept this candidate for the controlled /file test case. More testing would still be useful for missing or repeated query values, encoded paths, Windows and POSIX differences, and symlinks, so this acceptance is not a production-security claim.",Original review; frozen primary record,data/primary_reviews/v1/primary-v1-path-traversal-initial-03/result.json
Traversal 03,supplemental-v1 later human review,2026-09-22,FOLLOW_UP_REQUEST_MORE_TESTING,"I reviewed the candidate patch, original acceptance, and all eleven supplemental traversal outcomes. The candidate passed both behavioral-parity cases and all five executable security cases. PATH-R01, PATH-R02, and PATH-R03 failed because missing, empty, and repeated filename inputs returned HTTP 404 instead of the registered HTTP 400 response; these are robustness-contract failures, not observed traversal attacks. PATH-S06 remains inconclusive because the Windows environment could not create the required symlink or junction fixture. Because three malformed-input contracts failed and symlink-escape protection remains unverified, I request more testing rather than reaffirming acceptance or claiming complete traversal protection. This later conclusion does not overwrite the original acceptance or primary metrics.",none_original_record_is_preserved,data/supplemental/v1/follow-up-reviews/primary-v1-path-traversal-initial-03/result.json
Traversal 04,path-s06-extension-v1 later qualification,2026-09-30,FOLLOW_UP_REJECT_CANDIDATE,"I reviewed the frozen PATH-S06 protocol, baseline gate, saved candidate, prior decisions, and registered extension result. The vulnerable baseline established the control by disclosing the outside-file marker through an in-root symbolic link. Traversal 04 then returned HTTP 200 and disclosed the same marker because its lexical path containment check did not verify the filesystem target followed by fs.readFile. I record FOLLOW_UP_REJECT_CANDIDATE for the bounded benchmark because the registered symbolic-link traversal remains exploitable. The earlier request-more-testing record remains preserved; this later qualification does not overwrite primary-v1 or supplemental-v1.",changes_current_conclusion_prior_request_preserved,data/extensions/path-s06-v1/human-reviews/primary-v1-path-traversal-initial-04/result.json
Traversal 04,primary-v1 original human review,2026-09-12,ACCEPT_CANDIDATE,"I reviewed the candidate patch and validation results. The candidate rejects empty and non-string file names, resolves the allowed root and requested path, and checks the resolved path against the root plus the platform path separator. This prevents parent traversal and sibling-prefix paths from being accepted. The recorded valid-file control and parent-traversal attack passed, all three functional tests passed, syntax passed, and no new SAST findings appeared. The CWE-22 warning remains at the path resolution operation, but it does not appear to account for the containment check that follows. I accept this candidate for the controlled /file route. Encoded inputs, repeated parameters, platform-specific variations, and symlink behavior remain limitations for supplemental testing.",Original review; frozen primary record,data/primary_reviews/v1/primary-v1-path-traversal-initial-04/result.json
Traversal 04,supplemental-v1 later human review,2026-09-22,FOLLOW_UP_REQUEST_MORE_TESTING,"I reviewed the candidate patch, original acceptance, and all eleven supplemental traversal outcomes. The candidate passed both behavioral-parity cases, all three robustness cases, and all five executable security cases. PATH-S06 remains inconclusive because the Windows environment could not create the required symlink or junction fixture. The patch enforces a lexical resolved-root boundary, but the saved evidence does not establish containment of a filesystem target reached through an in-root link. I therefore request more testing in a symlink-capable environment rather than claiming complete traversal protection. This later conclusion preserves the original bounded acceptance, the inconclusive result, and all primary metrics.",none_original_record_is_preserved,data/supplemental/v1/follow-up-reviews/primary-v1-path-traversal-initial-04/result.json
Traversal 05,path-s06-extension-v1 later qualification,2026-09-30,FOLLOW_UP_REJECT_CANDIDATE,"I reviewed the frozen PATH-S06 protocol, baseline gate, saved candidate, prior decisions, and registered extension result. The vulnerable baseline established the control by disclosing the outside-file marker through an in-root symbolic link. Traversal 05 then returned HTTP 200 and disclosed the same marker because its lexical path containment check did not verify the filesystem target followed by fs.readFile. I record FOLLOW_UP_REJECT_CANDIDATE for the bounded benchmark because the registered symbolic-link traversal remains exploitable. The earlier request-more-testing record and supplemental repeated-parameter robustness failure remain preserved; this later qualification does not overwrite primary-v1 or supplemental-v1.",changes_current_conclusion_prior_request_preserved,data/extensions/path-s06-v1/human-reviews/primary-v1-path-traversal-initial-05/result.json
Traversal 05,primary-v1 original human review,2026-09-12,ACCEPT_CANDIDATE,"After reviewing the patch and results, I found that the candidate resolves the public-files root, adds the platform path separator as a directory boundary, and rejects a requested path unless it remains under that root. This blocks the recorded parent traversal and prevents a sibling path with a similar prefix from being accepted. The valid-file control and traversal attack passed, all three functional tests passed, syntax passed, and no new SAST findings appeared. The CWE-22 warning remains around path resolution, but it does not appear to account for the containment check that follows. I accept this candidate for the controlled /file fixture. The conversion with String(name || """") means missing, repeated, and unusual parameter values still deserve supplemental testing, along with encoded paths, platform variations, and symlink behavior.",Original review; frozen primary record,data/primary_reviews/v1/primary-v1-path-traversal-initial-05/result.json
Traversal 05,supplemental-v1 later human review,2026-09-22,FOLLOW_UP_REQUEST_MORE_TESTING,"I reviewed the candidate patch, original acceptance, and all eleven supplemental traversal outcomes. The candidate passed both behavioral-parity cases, two of three robustness cases, and all five executable security cases. PATH-R03 supplied repeated filenames and returned HTTP 404 with a stable file-not-found response instead of the registered HTTP 400 response. The request exposed no outside content, so I treat this as a robustness-contract limitation rather than an observed traversal attack, and the failed result remains unchanged. PATH-S06 is also inconclusive because the Windows environment could not create the required symlink or junction fixture. I request more testing rather than claiming complete traversal protection. This later conclusion preserves the original acceptance and all primary metrics.",none_original_record_is_preserved,data/supplemental/v1/follow-up-reviews/primary-v1-path-traversal-initial-05/result.json
