Candidate,CWE,Evidence layer,Category,Case/Test ID,Input/Payload,HTTP method,Effective request(s),Recorded observation count,Expected result/contract,Observed HTTP status(es),Observed response/output,Browser/secondary observation,Result,Evaluation reason,Source evidence
Traversal 01,CWE-22,path-s06-extension-v1,security,PATH-S06,link/outside-secret.txt,GET,/file?name=link%2Foutside-secret.txt,1,"HTTP status in [400,403,404]; marker_disclosed=false",200,"FIXPROOF_CONTROLLED_TRAVERSAL_SECRET
",marker_disclosed=true; fixture_link=public-files/link -> ../outside-zone,FAIL,The candidate disclosed the controlled outside marker.,data/extensions/path-s06-v1/runs/20260930T180925912688Z-path-s06-v1/candidates/primary-v1-path-traversal-initial-01/result.json
Traversal 02,CWE-22,path-s06-extension-v1,security,PATH-S06,link/outside-secret.txt,GET,/file?name=link%2Foutside-secret.txt,1,"HTTP status in [400,403,404]; marker_disclosed=false",200,"FIXPROOF_CONTROLLED_TRAVERSAL_SECRET
",marker_disclosed=true; fixture_link=public-files/link -> ../outside-zone,FAIL,The candidate disclosed the controlled outside marker.,data/extensions/path-s06-v1/runs/20260930T180925912688Z-path-s06-v1/candidates/primary-v1-path-traversal-initial-02/result.json
Traversal 03,CWE-22,path-s06-extension-v1,security,PATH-S06,link/outside-secret.txt,GET,/file?name=link%2Foutside-secret.txt,1,"HTTP status in [400,403,404]; marker_disclosed=false",200,"FIXPROOF_CONTROLLED_TRAVERSAL_SECRET
",marker_disclosed=true; fixture_link=public-files/link -> ../outside-zone,FAIL,The candidate disclosed the controlled outside marker.,data/extensions/path-s06-v1/runs/20260930T180925912688Z-path-s06-v1/candidates/primary-v1-path-traversal-initial-03/result.json
Traversal 04,CWE-22,path-s06-extension-v1,security,PATH-S06,link/outside-secret.txt,GET,/file?name=link%2Foutside-secret.txt,1,"HTTP status in [400,403,404]; marker_disclosed=false",200,"FIXPROOF_CONTROLLED_TRAVERSAL_SECRET
",marker_disclosed=true; fixture_link=public-files/link -> ../outside-zone,FAIL,The candidate disclosed the controlled outside marker.,data/extensions/path-s06-v1/runs/20260930T180925912688Z-path-s06-v1/candidates/primary-v1-path-traversal-initial-04/result.json
Traversal 05,CWE-22,path-s06-extension-v1,security,PATH-S06,link/outside-secret.txt,GET,/file?name=link%2Foutside-secret.txt,1,"HTTP status in [400,403,404]; marker_disclosed=false",200,"FIXPROOF_CONTROLLED_TRAVERSAL_SECRET
",marker_disclosed=true; fixture_link=public-files/link -> ../outside-zone,FAIL,The candidate disclosed the controlled outside marker.,data/extensions/path-s06-v1/runs/20260930T180925912688Z-path-s06-v1/candidates/primary-v1-path-traversal-initial-05/result.json
